Observation Year;Occupational Class;Age class;Number valids;Sum insured;Sum AO percentages with sickness in first 9 months of year t
2007;1;15 tm 25;291;2236436;0
2007;1;26 tm 30;1664;19446219;564
2007;1;31 tm 35;4130;58985108;2495
2007;1;36 tm 40;4195;84335669;2029
2007;1;41 tm 45;3077;58859278;2936
2007;1;46 tm 50;3872;79725314;2990
2007;1;51 tm 55;2333;42002031;1572
2007;1;56 tm 60;1656;24545951;815
2007;1;61 tot 65;176;2959686;0
2007;2;15 tm 25;598;4957806;314
2007;2;26 tm 30;3867;35370221;1324
2007;2;31 tm 35;4158;61525271;2082
2007;2;36 tm 40;4154;93307732;4036
2007;2;41 tm 45;6768;90969521;3669
2007;2;46 tm 50;5632;107046863;5248
2007;2;51 tm 55;4495;86883769;3648
2007;2;56 tm 60;2094;24715641;2484
2007;2;61 tot 65;277;4193767;485
2007;3;15 tm 25;2383;21603374;2028
2007;3;26 tm 30;6024;64334467;7490
2007;3;31 tm 35;11047;150018858;10911
2007;3;36 tm 40;8491;177965018;12733
2007;3;41 tm 45;8659;122452927;12761
2007;3;46 tm 50;8391;146311124;13493
2007;3;51 tm 55;9221;159622613;17566
2007;3;56 tm 60;5287;62616845;10317
2007;3;61 tot 65;994;11129395;2882
2007;4;15 tm 25;1158;14577534;527
2007;4;26 tm 30;5269;60364238;3801
2007;4;31 tm 35;7686;93000593;5282
2007;4;36 tm 40;6995;95274558;10977
2007;4;41 tm 45;4041;59255039;6133
2007;4;46 tm 50;6099;69949194;7857
2007;4;51 tm 55;4301;48678918;8633
2007;4;56 tm 60;1816;18840759;4587
2007;4;61 tot 65;543;4028677;580
2007;5;15 tm 25;2321;16073059;847
2007;5;26 tm 30;7291;47071168;8297
2007;5;31 tm 35;6750;77161709;11175
2007;5;36 tm 40;5630;80029088;10789
2007;5;41 tm 45;4065;71226735;11142
2007;5;46 tm 50;6501;53634101;7721
2007;5;51 tm 55;3737;56232075;5641
2007;5;56 tm 60;1683;15626004;6746
2007;5;61 tot 65;404;2627445;721
2007;6;15 tm 25;1207;14191094;2354
2007;6;26 tm 30;6132;73800416;4654
2007;6;31 tm 35;10169;105413850;6037
2007;6;36 tm 40;12791;87767482;6087
2007;6;41 tm 45;9675;107242030;7265
2007;6;46 tm 50;10628;96279857;9644
2007;6;51 tm 55;7702;89985219;13382
2007;6;56 tm 60;5039;41174609;9615
2007;6;61 tot 65;1553;11566411;2854
2008;1;15 tm 25;516;3170349;522
2008;1;26 tm 30;2021;29940175;288
2008;1;31 tm 35;4571;105222787;2271
2008;1;36 tm 40;5828;86634238;2555
2008;1;41 tm 45;3427;85979554;2891
2008;1;46 tm 50;4569;93830105;2873
2008;1;51 tm 55;2878;69910162;5715
2008;1;56 tm 60;1247;19124371;1645
2008;1;61 tot 65;185;3052737;0
2008;2;15 tm 25;628;7796731;507
2008;2;26 tm 30;3300;35370180;2777
2008;2;31 tm 35;6107;106212590;5339
2008;2;36 tm 40;4633;132534045;6934
2008;2;41 tm 45;4616;120773286;5956
2008;2;46 tm 50;4475;74974602;4339
2008;2;51 tm 55;3642;76176351;8780
2008;2;56 tm 60;2441;45309921;3633
2008;2;61 tot 65;432;4129861;834
2008;3;15 tm 25;2502;30905105;1791
2008;3;26 tm 30;10793;110130111;8088
2008;3;31 tm 35;14442;192387166;12940
2008;3;36 tm 40;16409;135717255;16714
2008;3;41 tm 45;8188;185146923;16845
2008;3;46 tm 50;7792;124767762;16092
2008;3;51 tm 55;11605;118947638;17585
2008;3;56 tm 60;5675;53351102;5828
2008;3;61 tot 65;965;9403598;1128
2008;4;15 tm 25;1294;15227740;792
2008;4;26 tm 30;5174;62834886;6453
2008;4;31 tm 35;9526;107303980;12172
2008;4;36 tm 40;6928;116200675;7493
2008;4;41 tm 45;7655;95598290;6479
2008;4;46 tm 50;5917;90502089;7881
2008;4;51 tm 55;5228;52123571;8390
2008;4;56 tm 60;1771;18842880;4759
2008;4;61 tot 65;463;3398142;671
2008;5;15 tm 25;2687;15203816;2260
2008;5;26 tm 30;6318;85867539;11639
2008;5;31 tm 35;7484;115705180;15004
2008;5;36 tm 40;5791;79043111;11056
2008;5;41 tm 45;6311;66656271;8920
2008;5;46 tm 50;5282;86336705;9715
2008;5;51 tm 55;5762;63370939;7807
2008;5;56 tm 60;1594;23355472;5994
2008;5;61 tot 65;268;2218900;961
2008;6;15 tm 25;1712;11653648;1004
2008;6;26 tm 30;5464;71786757;3034
2008;6;31 tm 35;8186;117284266;7435
2008;6;36 tm 40;10077;137025228;15567
2008;6;41 tm 45;7998;132569272;7743
2008;6;46 tm 50;12093;125633548;11599
2008;6;51 tm 55;11234;106676758;19847
2008;6;56 tm 60;6482;60657106;12693
2008;6;61 tot 65;1798;12746249;2270
2009;1;15 tm 25;664;5808412;0
2009;1;26 tm 30;2825;30793097;977
2009;1;31 tm 35;4834;96301915;2315
2009;1;36 tm 40;8892;171966388;3097
2009;1;41 tm 45;4986;95042267;5318
2009;1;46 tm 50;4010;77197824;2845
2009;1;51 tm 55;3807;65805650;2800
2009;1;56 tm 60;1683;33515660;1785
2009;1;61 tot 65;189;2874197;227
2009;2;15 tm 25;669;5291302;458
2009;2;26 tm 30;4200;56740509;999
2009;2;31 tm 35;6903;89088742;3863
2009;2;36 tm 40;6038;92439319;7672
2009;2;41 tm 45;5817;97052359;4204
2009;2;46 tm 50;3846;105762007;5327
2009;2;51 tm 55;3492;109614580;3727
2009;2;56 tm 60;2716;30792503;3657
2009;2;61 tot 65;292;5289028;680
2009;3;15 tm 25;2596;25770041;702
2009;3;26 tm 30;7547;117004160;3837
2009;3;31 tm 35;12112;150329514;9483
2009;3;36 tm 40;13994;168054934;9081
2009;3;41 tm 45;11794;149941306;12784
2009;3;46 tm 50;8961;102036830;19807
2009;3;51 tm 55;11653;122500074;12395
2009;3;56 tm 60;4652;59075573;14431
2009;3;61 tot 65;1176;10822682;879
2009;4;15 tm 25;1813;17508939;1091
2009;4;26 tm 30;5970;81510632;5057
2009;4;31 tm 35;8890;76679833;11009
2009;4;36 tm 40;8174;134294291;9435
2009;4;41 tm 45;7443;67000211;12672
2009;4;46 tm 50;4873;61345051;9402
2009;4;51 tm 55;5287;49780022;12007
2009;4;56 tm 60;2794;22208558;6107
2009;4;61 tot 65;386;4836856;826
2009;5;15 tm 25;1897;28523601;2794
2009;5;26 tm 30;9292;58194556;11889
2009;5;31 tm 35;12193;120570023;10309
2009;5;36 tm 40;6210;112553973;13934
2009;5;41 tm 45;7359;104692167;10190
2009;5;46 tm 50;4959;53118055;10830
2009;5;51 tm 55;4434;63258201;10509
2009;5;56 tm 60;2640;31981154;4828
2009;5;61 tot 65;267;3352035;1298
2009;6;15 tm 25;1423;18459061;366
2009;6;26 tm 30;5244;58436267;2464
2009;6;31 tm 35;12167;136557155;5419
2009;6;36 tm 40;13249;144548022;6332
2009;6;41 tm 45;13711;119086219;5812
2009;6;46 tm 50;7191;86194763;10046
2009;6;51 tm 55;11322;107793222;14123
2009;6;56 tm 60;5872;58051939;9517
2009;6;61 tot 65;1424;13332780;1013
2010;1;15 tm 25;649;4961868;518
2010;1;26 tm 30;3435;61441225;679
2010;1;31 tm 35;6254;153546934;3019
2010;1;36 tm 40;6794;162065010;4292
2010;1;41 tm 45;5460;146636542;5740
2010;1;46 tm 50;6016;96469259;3303
2010;1;51 tm 55;3376;117315370;5780
2010;1;56 tm 60;1195;31387635;2203
2010;1;61 tot 65;319;3975576;0
2010;2;15 tm 25;488;6590037;139
2010;2;26 tm 30;3824;36538255;1889
2010;2;31 tm 35;5013;85805384;6631
2010;2;36 tm 40;5352;86187961;5541
2010;2;41 tm 45;5125;108756351;3558
2010;2;46 tm 50;4420;99670602;6119
2010;2;51 tm 55;3533;112592064;8711
2010;2;56 tm 60;2466;41948349;2424
2010;2;61 tot 65;530;5793601;0
2010;3;15 tm 25;2389;24729078;1861
2010;3;26 tm 30;7785;64785374;5693
2010;3;31 tm 35;14601;184982638;10313
2010;3;36 tm 40;12972;214514138;14458
2010;3;41 tm 45;8401;210736966;12164
2010;3;46 tm 50;11966;153903276;14815
2010;3;51 tm 55;11282;137727862;21714
2010;3;56 tm 60;6052;69009915;6144
2010;3;61 tot 65;945;14427009;1804
2010;4;15 tm 25;2141;21914023;837
2010;4;26 tm 30;5101;65595079;4112
2010;4;31 tm 35;11844;151652592;9154
2010;4;36 tm 40;7610;151934839;10118
2010;4;41 tm 45;8221;118822751;5494
2010;4;46 tm 50;4989;72298750;7054
2010;4;51 tm 55;5787;63938680;7434
2010;4;56 tm 60;2083;25219989;6481
2010;4;61 tot 65;381;3738907;0
2010;5;15 tm 25;2374;29968995;2021
2010;5;26 tm 30;6409;84742603;9558
2010;5;31 tm 35;13010;156147094;19566
2010;5;36 tm 40;9493;138164079;16198
2010;5;41 tm 45;8011;102097206;11125
2010;5;46 tm 50;4752;64783986;10290
2010;5;51 tm 55;5520;64677388;8621
2010;5;56 tm 60;2121;36342249;3943
2010;5;61 tot 65;296;4649281;229
2010;6;15 tm 25;1108;14793840;766
2010;6;26 tm 30;7671;92303343;3671
2010;6;31 tm 35;14319;134077073;6784
2010;6;36 tm 40;11614;136685119;10324
2010;6;41 tm 45;8663;133549417;16322
2010;6;46 tm 50;10070;139720606;15837
2010;6;51 tm 55;8532;100944048;18523
2010;6;56 tm 60;5853;60707455;12422
2010;6;61 tot 65;1342;12521745;2114
2011;1;15 tm 25;745;8076613;624
2011;1;26 tm 30;3714;60798427;2116
2011;1;31 tm 35;7160;158330034;5847
2011;1;36 tm 40;11715;173810374;6709
2011;1;41 tm 45;9398;190008672;4720
2011;1;46 tm 50;7339;96298286;5488
2011;1;51 tm 55;3345;74647818;4433
2011;1;56 tm 60;1774;37774248;1750
2011;1;61 tot 65;361;6627730;1299
2011;2;15 tm 25;810;6111722;317
2011;2;26 tm 30;3008;34578221;2950
2011;2;31 tm 35;5972;126153938;3185
2011;2;36 tm 40;8332;169484289;5611
2011;2;41 tm 45;6489;160537203;8047
2011;2;46 tm 50;6336;115861910;4062
2011;2;51 tm 55;6032;80136521;4979
2011;2;56 tm 60;1927;34877052;3522
2011;2;61 tot 65;340;5255359;1332
2011;3;15 tm 25;2396;14754913;877
2011;3;26 tm 30;5971;96059853;6676
2011;3;31 tm 35;10566;172944817;15804
2011;3;36 tm 40;10331;240179642;14827
2011;3;41 tm 45;9295;216524790;10317
2011;3;46 tm 50;11137;105413990;12050
2011;3;51 tm 55;8707;177640136;15099
2011;3;56 tm 60;4067;93104745;10087
2011;3;61 tot 65;954;9938381;457
2011;4;15 tm 25;1857;24237282;1185
2011;4;26 tm 30;4798;77619535;5527
2011;4;31 tm 35;8210;89192793;11866
2011;4;36 tm 40;12404;95495531;17530
2011;4;41 tm 45;8830;122894384;7380
2011;4;46 tm 50;5910;92177878;10762
2011;4;51 tm 55;5321;87876731;7398
2011;4;56 tm 60;3242;35297961;6250
2011;4;61 tot 65;392;5515152;1371
2011;5;15 tm 25;3516;26843897;3580
2011;5;26 tm 30;6785;89553809;8128
2011;5;31 tm 35;8119;167776081;20071
2011;5;36 tm 40;10281;174001033;14842
2011;5;41 tm 45;7408;77076972;10081
2011;5;46 tm 50;6780;78726032;10453
2011;5;51 tm 55;5353;85026339;9875
2011;5;56 tm 60;2379;39899403;4335
2011;5;61 tot 65;527;3087200;1140
2011;6;15 tm 25;1022;24345837;948
2011;6;26 tm 30;4744;59197120;3027
2011;6;31 tm 35;11734;139414452;9531
2011;6;36 tm 40;13782;143446287;10481
2011;6;41 tm 45;11845;143350693;12558
2011;6;46 tm 50;12442;165657614;8732
2011;6;51 tm 55;11855;108985800;12167
2011;6;56 tm 60;7227;73337221;12249
2011;6;61 tot 65;1571;10184072;1396
2012;1;15 tm 25;364;3470427;0
2012;1;26 tm 30;2069;30022900;816
2012;1;31 tm 35;4782;75123261;2415
2012;1;36 tm 40;5460;171825505;2875
2012;1;41 tm 45;5715;117399494;3112
2012;1;46 tm 50;4077;130801504;3438
2012;1;51 tm 55;4403;102633035;4686
2012;1;56 tm 60;1370;40434744;3093
2012;1;61 tot 65;260;7820689;245
2012;2;15 tm 25;575;6041491;335
2012;2;26 tm 30;2082;38051629;1193
2012;2;31 tm 35;7309;87383461;3386
2012;2;36 tm 40;6603;115348243;4325
2012;2;41 tm 45;4654;85446311;6956
2012;2;46 tm 50;5407;100017525;7694
2012;2;51 tm 55;4647;79746170;5460
2012;2;56 tm 60;3182;36721356;5898
2012;2;61 tot 65;460;6778437;792
2012;3;15 tm 25;3400;30378156;1231
2012;3;26 tm 30;9122;106821639;5809
2012;3;31 tm 35;18657;256784820;14568
2012;3;36 tm 40;17275;229607760;19493
2012;3;41 tm 45;13834;313730709;19768
2012;3;46 tm 50;12946;207191999;28285
2012;3;51 tm 55;9135;170993181;18401
2012;3;56 tm 60;6064;117796506;17785
2012;3;61 tot 65;1106;15308542;1727
2012;4;15 tm 25;1600;17370331;1069
2012;4;26 tm 30;4931;81046289;3192
2012;4;31 tm 35;7133;161564439;8058
2012;4;36 tm 40;8309;164586758;11620
2012;4;41 tm 45;5972;144943345;13954
2012;4;46 tm 50;5850;83542248;10081
2012;4;51 tm 55;3903;65947384;11529
2012;4;56 tm 60;3189;31637105;4881
2012;4;61 tot 65;460;3826368;254
2012;5;15 tm 25;2076;25818258;1652
2012;5;26 tm 30;6374;61335373;7933
2012;5;31 tm 35;10693;100007989;14696
2012;5;36 tm 40;9139;145483916;16142
2012;5;41 tm 45;8237;124702595;10084
2012;5;46 tm 50;4567;78296983;8656
2012;5;51 tm 55;4699;73208172;9446
2012;5;56 tm 60;2078;31994894;5872
2012;5;61 tot 65;352;3393640;550
2012;6;15 tm 25;1075;9356300;337
2012;6;26 tm 30;3146;56749420;2553
2012;6;31 tm 35;10858;104191782;9323
2012;6;36 tm 40;13488;111232567;9093
2012;6;41 tm 45;12534;180286564;9673
2012;6;46 tm 50;6904;142134336;5397
2012;6;51 tm 55;8455;77768589;7492
2012;6;56 tm 60;3463;60480639;8560
2012;6;61 tot 65;525;8441292;536
2013;1;15 tm 25;315;3859191;0
2013;1;26 tm 30;1788;29472597;1354
2013;1;31 tm 35;4797;149115220;2486
2013;1;36 tm 40;7481;242015857;4251
2013;1;41 tm 45;5973;243351151;5565
2013;1;46 tm 50;4812;214721918;4905
2013;1;51 tm 55;3238;186066896;4491
2013;1;56 tm 60;2498;59933583;2588
2013;1;61 tot 65;319;6370615;596
2013;2;15 tm 25;425;9137393;74
2013;2;26 tm 30;1888;42663045;1002
2013;2;31 tm 35;5708;132771820;4389
2013;2;36 tm 40;6192;148344939;4054
2013;2;41 tm 45;6697;103681292;4760
2013;2;46 tm 50;4607;141230606;8411
2013;2;51 tm 55;4202;123347081;3833
2013;2;56 tm 60;2248;55759061;2449
2013;2;61 tot 65;288;8066123;817
2013;3;15 tm 25;2215;42576156;584
2013;3;26 tm 30;8723;94935156;6359
2013;3;31 tm 35;15792;304587111;12883
2013;3;36 tm 40;13579;318197037;16504
2013;3;41 tm 45;18464;399242952;19052
2013;3;46 tm 50;14798;260611675;23800
2013;3;51 tm 55;12926;182986790;19575
2013;3;56 tm 60;6518;102199156;14168
2013;3;61 tot 65;956;14459543;388
2013;4;15 tm 25;1875;27349384;582
2013;4;26 tm 30;4449;88726639;5380
2013;4;31 tm 35;8161;143389687;9255
2013;4;36 tm 40;12578;209258102;12145
2013;4;41 tm 45;9451;209049274;9525
2013;4;46 tm 50;5286;152953912;13684
2013;4;51 tm 55;3772;95664917;8937
2013;4;56 tm 60;2668;45032552;7568
2013;4;61 tot 65;480;7708500;218
2013;5;15 tm 25;2181;20896375;1819
2013;5;26 tm 30;5720;91771011;6015
2013;5;31 tm 35;10410;116720371;15540
2013;5;36 tm 40;6666;141502856;13340
2013;5;41 tm 45;5452;106898287;11064
2013;5;46 tm 50;4886;72594296;7404
2013;5;51 tm 55;4748;78311901;8573
2013;5;56 tm 60;3420;39899661;5615
2013;5;61 tot 65;511;5407685;747
2013;6;15 tm 25;951;9876850;189
2013;6;26 tm 30;3355;50441367;1343
2013;6;31 tm 35;9724;94883939;8332
2013;6;36 tm 40;11494;199452674;7265
2013;6;41 tm 45;11931;147816176;9851
2013;6;46 tm 50;6318;97643168;8320
2013;6;51 tm 55;4967;88314705;11600
2013;6;56 tm 60;3579;53591762;6422
2013;6;61 tot 65;562;5104623;370
2014;1;15 tm 25;344;7835627;0
2014;1;26 tm 30;1749;52648050;358
2014;1;31 tm 35;5204;104081262;3058
2014;1;36 tm 40;5712;272112276;2691
2014;1;41 tm 45;7917;240999333;4765
2014;1;46 tm 50;7793;271081775;3364
2014;1;51 tm 55;5662;157004405;3980
2014;1;56 tm 60;2306;67941064;2003
2014;1;61 tot 65;330;7749835;333
2014;2;15 tm 25;597;8401485;394
2014;2;26 tm 30;2730;41738149;1272
2014;2;31 tm 35;4673;92984418;3302
2014;2;36 tm 40;5909;193029797;3789
2014;2;41 tm 45;5698;202517941;7713
2014;2;46 tm 50;6769;198380963;6814
2014;2;51 tm 55;5427;117437588;5823
2014;2;56 tm 60;2703;88879204;5762
2014;2;61 tot 65;382;8148718;358
2014;3;15 tm 25;2017;47553313;429
2014;3;26 tm 30;6098;146718937;4611
2014;3;31 tm 35;16522;252204505;11526
2014;3;36 tm 40;16016;430136529;12628
2014;3;41 tm 45;18402;478824487;15700
2014;3;46 tm 50;15726;348597424;28526
2014;3;51 tm 55;10855;303779543;22072
2014;3;56 tm 60;7377;168157592;11995
2014;3;61 tot 65;1297;16339011;657
2014;4;15 tm 25;2234;44792625;2198
2014;4;26 tm 30;5202;118576832;4939
2014;4;31 tm 35;6491;194538673;8349
2014;4;36 tm 40;11696;175864361;9469
2014;4;41 tm 45;11924;193741435;13580
2014;4;46 tm 50;9362;177970266;11793
2014;4;51 tm 55;4739;130928891;8100
2014;4;56 tm 60;3796;75920472;9348
2014;4;61 tot 65;631;8544257;1444
2014;5;15 tm 25;1894;25793706;801
2014;5;26 tm 30;5429;78438164;6869
2014;5;31 tm 35;6746;123880892;12339
2014;5;36 tm 40;10048;175663925;11849
2014;5;41 tm 45;5827;195992515;8833
2014;5;46 tm 50;4586;144048821;9687
2014;5;51 tm 55;4981;112027155;9430
2014;5;56 tm 60;3115;60422595;9376
2014;5;61 tot 65;398;6352015;652
2014;6;15 tm 25;532;5828288;206
2014;6;26 tm 30;2380;48908603;1223
2014;6;31 tm 35;6391;127703746;3939
2014;6;36 tm 40;8707;202288873;5690
2014;6;41 tm 45;10535;219541296;9340
2014;6;46 tm 50;8751;176189189;7695
2014;6;51 tm 55;6457;146501187;5325
2014;6;56 tm 60;4925;68785885;5018
2014;6;61 tot 65;615;9124922;285
2015;1;15 tm 25;407;7822158;380
2015;1;26 tm 30;2061;33655921;59
2015;1;31 tm 35;5742;166078606;2616
2015;1;36 tm 40;6914;266844436;3779
2015;1;41 tm 45;8189;249596308;2548
2015;1;46 tm 50;5370;255279284;4345
2015;1;51 tm 55;6667;171924042;4532
2015;1;56 tm 60;3336;122923253;3301
2015;1;61 tot 65;293;9483782;391
2015;2;15 tm 25;480;14233563;0
2015;2;26 tm 30;1703;34531588;1534
2015;2;31 tm 35;4379;93841376;2404
2015;2;36 tm 40;5642;203899314;5413
2015;2;41 tm 45;7954;233085284;5363
2015;2;46 tm 50;5779;210459392;4371
2015;2;51 tm 55;4520;121769200;6572
2015;2;56 tm 60;2672;95812479;3903
2015;2;61 tot 65;435;7215210;609
2015;3;15 tm 25;3139;40484237;1201
2015;3;26 tm 30;7735;93471504;5063
2015;3;31 tm 35;9113;215700823;8966
2015;3;36 tm 40;20900;394371983;15407
2015;3;41 tm 45;15425;332794340;21662
2015;3;46 tm 50;19700;423789546;23969
2015;3;51 tm 55;11734;312783938;12596
2015;3;56 tm 60;7464;112139630;12667
2015;3;61 tot 65;755;9857987;1501
2015;4;15 tm 25;2278;39153883;2234
2015;4;26 tm 30;5621;135263201;2359
2015;4;31 tm 35;10925;224536224;11738
2015;4;36 tm 40;9070;307949972;12484
2015;4;41 tm 45;10015;226203261;14040
2015;4;46 tm 50;5633;160310575;9900
2015;4;51 tm 55;5471;114250716;6797
2015;4;56 tm 60;4520;70247126;7083
2015;4;61 tot 65;617;8001475;687
2015;5;15 tm 25;1678;46518798;968
2015;5;26 tm 30;3887;125489123;6580
2015;5;31 tm 35;7551;176124008;13824
2015;5;36 tm 40;9728;147875525;10595
2015;5;41 tm 45;9182;164240581;12000
2015;5;46 tm 50;7088;123446953;10067
2015;5;51 tm 55;3857;99408334;7731
2015;5;56 tm 60;2084;55469286;4156
2015;5;61 tot 65;263;3891665;846
2015;6;15 tm 25;217;5529673;405
2015;6;26 tm 30;2064;33944216;1081
2015;6;31 tm 35;5478;104615345;3381
2015;6;36 tm 40;8982;197969146;6220
2015;6;41 tm 45;10453;216534728;6327
2015;6;46 tm 50;5227;162040179;7503
2015;6;51 tm 55;4549;112455695;8810
2015;6;56 tm 60;3715;81669969;4867
2015;6;61 tot 65;463;9229369;730
2016;1;15 tm 25;285;7336215;391
2016;1;26 tm 30;1879;35341813;816
2016;1;31 tm 35;5698;119194405;3385
2016;1;36 tm 40;7092;344750347;4200
2016;1;41 tm 45;10434;229005945;4889
2016;1;46 tm 50;6816;247896382;4812
2016;1;51 tm 55;6658;237220737;3093
2016;1;56 tm 60;3598;125650480;2854
2016;1;61 tot 65;419;11974186;561
2016;2;15 tm 25;521;9212007;197
2016;2;26 tm 30;1956;46328105;2156
2016;2;31 tm 35;5147;113917723;1909
2016;2;36 tm 40;7830;192222631;5014
2016;2;41 tm 45;8143;146828543;5206
2016;2;46 tm 50;6267;126653608;6735
2016;2;51 tm 55;3545;160692303;5567
2016;2;56 tm 60;2850;68859709;4806
2016;2;61 tot 65;538;6934089;364
2016;3;15 tm 25;1649;50037638;1091
2016;3;26 tm 30;5403;121175492;3419
2016;3;31 tm 35;9933;244155544;9566
2016;3;36 tm 40;14762;478326971;19034
2016;3;41 tm 45;18742;511496527;14995
2016;3;46 tm 50;15488;367978781;14233
2016;3;51 tm 55;11878;281545318;13393
2016;3;56 tm 60;8658;151348427;8372
2016;3;61 tot 65;1291;17811314;1482
2016;4;15 tm 25;1962;41800244;957
2016;4;26 tm 30;5424;87565101;3059
2016;4;31 tm 35;8609;233248423;6825
2016;4;36 tm 40;8295;245651612;9500
2016;4;41 tm 45;7749;203054408;18001
2016;4;46 tm 50;8064;191987034;13535
2016;4;51 tm 55;4147;94649918;8782
2016;4;56 tm 60;2622;48655084;7483
2016;4;61 tot 65;464;6562349;1313
2016;5;15 tm 25;1866;55001635;2437
2016;5;26 tm 30;5488;139066819;10509
2016;5;31 tm 35;7254;139148512;12944
2016;5;36 tm 40;8305;224629385;9169
2016;5;41 tm 45;9276;202484301;20019
2016;5;46 tm 50;4817;114627579;13959
2016;5;51 tm 55;5283;82109814;6414
2016;5;56 tm 60;3052;35324568;3688
2016;5;61 tot 65;411;3642884;753
2016;6;15 tm 25;1169;26537104;831
2016;6;26 tm 30;4669;61398230;3115
2016;6;31 tm 35;10528;233465836;4687
2016;6;36 tm 40;12107;360962222;10651
2016;6;41 tm 45;12510;371959016;13379
2016;6;46 tm 50;8869;210939024;12307
2016;6;51 tm 55;6524;209386349;12519
2016;6;56 tm 60;4612;77487943;8315
2016;6;61 tot 65;781;10679768;895
2017;1;15 tm 25;418;8583597;159
2017;1;26 tm 30;2083;50544228;541
2017;1;31 tm 35;3393;131527558;2350
2017;1;36 tm 40;9209;344578726;5762
2017;1;41 tm 45;10123;352136651;5101
2017;1;46 tm 50;8656;219251935;5802
2017;1;51 tm 55;4468;200887849;3884
2017;1;56 tm 60;2604;145296390;3670
2017;1;61 tot 65;499;12644406;1179
2017;2;15 tm 25;528;13551309;236
2017;2;26 tm 30;1515;39845360;1626
2017;2;31 tm 35;3347;122421276;4580
2017;2;36 tm 40;7424;238508743;5575
2017;2;41 tm 45;8370;249959384;3944
2017;2;46 tm 50;5278;185914105;4618
2017;2;51 tm 55;5621;92940480;5326
2017;2;56 tm 60;3057;92725479;4292
2017;2;61 tot 65;355;9147467;177
2017;3;15 tm 25;2323;46089622;1540
2017;3;26 tm 30;3926;137358831;4115
2017;3;31 tm 35;7170;221622651;10623
2017;3;36 tm 40;18944;461123079;16850
2017;3;41 tm 45;13418;510713039;19676
2017;3;46 tm 50;13788;431779304;25168
2017;3;51 tm 55;12970;229049703;18611
2017;3;56 tm 60;7719;167540117;8564
2017;3;61 tot 65;849;14707940;1074
2017;4;15 tm 25;2491;46841279;1499
2017;4;26 tm 30;4578;136844179;4767
2017;4;31 tm 35;8193;203664804;7728
2017;4;36 tm 40;11175;222612163;10432
2017;4;41 tm 45;10609;237290289;14946
2017;4;46 tm 50;9793;175595424;15972
2017;4;51 tm 55;4457;162270149;6568
2017;4;56 tm 60;3461;69927209;8432
2017;4;61 tot 65;538;9018083;683
2017;5;15 tm 25;2146;43950169;2076
2017;5;26 tm 30;5483;78604101;6664
2017;5;31 tm 35;6999;153089234;9379
2017;5;36 tm 40;9791;281313316;15172
2017;5;41 tm 45;10551;220149639;14630
2017;5;46 tm 50;7073;140602988;13002
2017;5;51 tm 55;4817;81887995;8326
2017;5;56 tm 60;2760;64451271;7007
2017;5;61 tot 65;436;5648315;250
2017;6;15 tm 25;1106;25403802;1345
2017;6;26 tm 30;3257;91310732;1308
2017;6;31 tm 35;7046;184152804;4880
2017;6;36 tm 40;16721;364745695;11208
2017;6;41 tm 45;10911;298633922;13596
2017;6;46 tm 50;8382;352909840;15823
2017;6;51 tm 55;5484;217345013;8481
2017;6;56 tm 60;4105;117999092;8916
2017;6;61 tot 65;978;16406955;640
2018;1;15 tm 25;327;7896518;0
2018;1;26 tm 30;1801;52454192;1197
2018;1;31 tm 35;4553;150919557;3083
2018;1;36 tm 40;8367;306182451;5417
2018;1;41 tm 45;9101;355346731;5962
2018;1;46 tm 50;7856;327164414;5333
2018;1;51 tm 55;5877;247477106;3917
2018;1;56 tm 60;3411;139435644;4527
2018;1;61 tot 65;657;24017941;1098
2018;2;15 tm 25;522;12060020;326
2018;2;26 tm 30;1693;42250886;1818
2018;2;31 tm 35;3474;95652664;1583
2018;2;36 tm 40;6190;183811580;6280
2018;2;41 tm 45;6766;209379043;5826
2018;2;46 tm 50;6019;190047924;6182
2018;2;51 tm 55;4537;140282412;7848
2018;2;56 tm 60;2663;77755081;4341
2018;2;61 tot 65;450;10622765;1023
2018;3;15 tm 25;2100;44944717;1053
2018;3;26 tm 30;4928;118963213;3705
2018;3;31 tm 35;8574;227827918;6894
2018;3;36 tm 40;14743;401679886;17939
2018;3;41 tm 45;16835;459635502;21959
2018;3;46 tm 50;14791;395263167;24524
2018;3;51 tm 55;11018;281700303;19409
2018;3;56 tm 60;6597;151198301;10833
2018;3;61 tot 65;1005;19074452;1583
2018;4;15 tm 25;2030;46347375;3235
2018;4;26 tm 30;5041;126314784;5803
2018;4;31 tm 35;7142;186077358;9114
2018;4;36 tm 40;9917;262517808;16197
2018;4;41 tm 45;9883;261542351;16424
2018;4;46 tm 50;8306;211446655;17091
2018;4;51 tm 55;5782;140248854;15133
2018;4;56 tm 60;3355;69960645;6971
2018;4;61 tot 65;538;8565588;1068
2018;5;15 tm 25;1955;43178026;2492
2018;5;26 tm 30;4777;116132323;9841
2018;5;31 tm 35;6751;170036506;13114
2018;5;36 tm 40;9155;230539919;16212
2018;5;41 tm 45;8787;218855709;18758
2018;5;46 tm 50;7105;173661290;15492
2018;5;51 tm 55;4782;109942108;11348
2018;5;56 tm 60;2785;57513642;5030
2018;5;61 tot 65;449;7550159;455
2018;6;15 tm 25;884;20210325;470
2018;6;26 tm 30;3098;78385636;3091
2018;6;31 tm 35;6455;182523506;8159
2018;6;36 tm 40;12094;356960428;10750
2018;6;41 tm 45;13237;391951263;17500
2018;6;46 tm 50;11407;335969288;17297
2018;6;51 tm 55;7678;213313272;11189
2018;6;56 tm 60;4242;102221747;7583
2018;6;61 tot 65;826;17478368;1492
2019;1;15 tm 25;281;7405026;303
2019;1;26 tm 30;1694;50907909;1030
2019;1;31 tm 35;4349;151487985;3742
2019;1;36 tm 40;8000;300888985;4061
2019;1;41 tm 45;9109;365838518;8311
2019;1;46 tm 50;8307;354836877;6879
2019;1;51 tm 55;6227;270907709;4512
2019;1;56 tm 60;3609;151889821;3182
2019;1;61 tot 65;770;28271967;1182
2019;2;15 tm 25;431;9970761;280
2019;2;26 tm 30;1548;39962942;1023
2019;2;31 tm 35;3173;89224482;2909
2019;2;36 tm 40;5529;168313692;6902
2019;2;41 tm 45;6741;211999170;5348
2019;2;46 tm 50;5963;192926263;6242
2019;2;51 tm 55;4726;150280653;6018
2019;2;56 tm 60;2762;83270571;4341
2019;2;61 tot 65;521;13578656;1076
2019;3;15 tm 25;1985;42835511;1739
2019;3;26 tm 30;4602;112673149;3667
2019;3;31 tm 35;7791;211113297;7695
2019;3;36 tm 40;13293;373168754;19030
2019;3;41 tm 45;16304;458562726;17500
2019;3;46 tm 50;14923;411201212;19818
2019;3;51 tm 55;11281;298718459;18742
2019;3;56 tm 60;6505;158551462;11136
2019;3;61 tot 65;1036;21183982;1603
2019;4;15 tm 25;1891;43160797;1773
2019;4;26 tm 30;4662;119558017;4803
2019;4;31 tm 35;6736;180097270;9417
2019;4;36 tm 40;9295;253677546;12591
2019;4;41 tm 45;9630;261806514;14939
2019;4;46 tm 50;8313;219832134;13144
2019;4;51 tm 55;6016;152183168;11665
2019;4;56 tm 60;3376;75118071;7227
2019;4;61 tot 65;607;10237834;2492
2019;5;15 tm 25;1723;38793087;2098
2019;5;26 tm 30;4419;109437404;8333
2019;5;31 tm 35;6288;163466818;11977
2019;5;36 tm 40;8641;224141045;16697
2019;5;41 tm 45;8686;224040076;15967
2019;5;46 tm 50;7297;183992574;14758
2019;5;51 tm 55;5000;120620903;10083
2019;5;56 tm 60;2817;61257777;6053
2019;5;61 tot 65;446;8035086;530
2019;6;15 tm 25;814;18310558;1523
2019;6;26 tm 30;2893;75420684;2432
2019;6;31 tm 35;5730;165752344;5939
2019;6;36 tm 40;10726;329107373;11500
2019;6;41 tm 45;12844;397500080;16364
2019;6;46 tm 50;11324;348289416;17742
2019;6;51 tm 55;7799;229687786;12811
2019;6;56 tm 60;4242;108909217;8371
2019;6;61 tot 65;899;19248262;1576
2020;1;15 tm 25;252;6747354;382
2020;1;26 tm 30;1471;45863534;1778
2020;1;31 tm 35;3850;139917104;2125
2020;1;36 tm 40;6913;274607430;4063
2020;1;41 tm 45;8533;358507367;6021
2020;1;46 tm 50;7996;355207131;7035
2020;1;51 tm 55;6047;274374782;6153
2020;1;56 tm 60;3668;157763794;5236
2020;1;61 tot 65;859;31611762;417
2020;2;15 tm 25;335;7676787;743
2020;2;26 tm 30;1305;34566577;2292
2020;2;31 tm 35;2779;80541755;2701
2020;2;36 tm 40;4769;146362993;5625
2020;2;41 tm 45;6451;203896959;6701
2020;2;46 tm 50;5933;193210109;9104
2020;2;51 tm 55;4861;155542632;7611
2020;2;56 tm 60;2938;87713434;5500
2020;2;61 tot 65;647;16043187;1285
2020;3;15 tm 25;1795;38686227;1757
2020;3;26 tm 30;4190;103181851;3622
2020;3;31 tm 35;6984;189914888;7986
2020;3;36 tm 40;11740;334392295;14382
2020;3;41 tm 45;15888;451335228;17599
2020;3;46 tm 50;15248;423975673;21319
2020;3;51 tm 55;11869;317334566;18660
2020;3;56 tm 60;7081;178072402;13483
2020;3;61 tot 65;1224;26809960;2132
2020;4;15 tm 25;1721;39208158;2375
2020;4;26 tm 30;4188;107791499;4396
2020;4;31 tm 35;6347;172758122;5931
2020;4;36 tm 40;8358;231925161;14974
2020;4;41 tm 45;9374;260450738;17053
2020;4;46 tm 50;8610;231742473;15639
2020;4;51 tm 55;6515;167355106;13201
2020;4;56 tm 60;3582;82389356;8979
2020;4;61 tot 65;730;13413748;1444
2020;5;15 tm 25;1347;30700982;2576
2020;5;26 tm 30;3709;93982183;8250
2020;5;31 tm 35;5465;144694157;8493
2020;5;36 tm 40;7401;196531816;14083
2020;5;41 tm 45;8104;213874257;15990
2020;5;46 tm 50;7091;184159028;12521
2020;5;51 tm 55;5089;127652571;11292
2020;5;56 tm 60;2822;64368299;5188
2020;5;61 tot 65;515;10470997;1389
2020;6;15 tm 25;652;14630535;660
2020;6;26 tm 30;2417;64494795;1563
2020;6;31 tm 35;5061;151453889;5736
2020;6;36 tm 40;9313;303694904;10729
2020;6;41 tm 45;12037;404434625;15222
2020;6;46 tm 50;11359;385726209;15271
2020;6;51 tm 55;8752;286978580;12875
2020;6;56 tm 60;5079;153874112;9729
2020;6;61 tot 65;1324;35404532;2715
2021;1;15 tm 25;200;5163944;139
2021;1;26 tm 30;1382;44403868;1292
2021;1;31 tm 35;3770;141832391;3390
2021;1;36 tm 40;6660;272794463;5208
2021;1;41 tm 45;8871;384011285;6174
2021;1;46 tm 50;8343;381940493;5451
2021;1;51 tm 55;6476;308341614;6069
2021;1;56 tm 60;3914;178376412;4681
2021;1;61 tot 65;966;37367309;1597
2021;2;15 tm 25;263;6326957;139
2021;2;26 tm 30;1160;32070105;486
2021;2;31 tm 35;2550;75763180;2340
2021;2;36 tm 40;4318;138004126;4211
2021;2;41 tm 45;6219;203872049;6567
2021;2;46 tm 50;6004;202305422;5285
2021;2;51 tm 55;4950;164845980;6549
2021;2;56 tm 60;2996;92604542;5313
2021;2;61 tot 65;690;17909793;1181
2021;3;15 tm 25;1697;37207069;1167
2021;3;26 tm 30;3994;99630702;2931
2021;3;31 tm 35;6468;178752600;5660
2021;3;36 tm 40;10392;303777196;10851
2021;3;41 tm 45;15303;446271651;18147
2021;3;46 tm 50;15077;431964054;19042
2021;3;51 tm 55;11771;322316313;16826
2021;3;56 tm 60;6784;173685186;12375
2021;3;61 tot 65;1193;26364772;1292
2021;4;15 tm 25;1533;35411588;2197
2021;4;26 tm 30;3833;99804616;5215
2021;4;31 tm 35;6122;168805555;8076
2021;4;36 tm 40;7629;216511262;8921
2021;4;41 tm 45;9149;260478081;15742
2021;4;46 tm 50;8695;242836862;15767
2021;4;51 tm 55;6688;176165908;13771
2021;4;56 tm 60;3748;90398347;9764
2021;4;61 tot 65;746;14397385;2000
2021;5;15 tm 25;1102;25510872;2035
2021;5;26 tm 30;3441;88668955;6449
2021;5;31 tm 35;5271;143368387;10174
2021;5;36 tm 40;6801;187134568;12479
2021;5;41 tm 45;8003;217868126;15365
2021;5;46 tm 50;7503;203173621;12896
2021;5;51 tm 55;5825;155430315;10631
2021;5;56 tm 60;3262;83859959;6951
2021;5;61 tot 65;639;15540944;847
2021;6;15 tm 25;484;10452841;660
2021;6;26 tm 30;2012;53950727;1618
2021;6;31 tm 35;4423;136033943;3694
2021;6;36 tm 40;7322;247663066;7208
2021;6;41 tm 45;10086;356994237;11715
2021;6;46 tm 50;9523;343689555;9139
2021;6;51 tm 55;7402;260180555;10174
2021;6;56 tm 60;4565;149434779;7354
2021;6;61 tot 65;1168;33596291;1632
